{"cameraMode":{"drawMode":0,"name":"Shaded","section":"Shading Mode"},"sceneLighting":true,"audioPlay":false,"sceneViewState":{"m_AlwaysRefresh":false,"showFog":true,"showSkybox":true,"showFlares":true,"showImageEffects":true,"showParticleSystems":true,"showVisualEffectGraphs":true,"m_FxEnabled":true},"in2DMode":false,"pivot":{"x":3.1026995182037355,"y":2.4099998474121095,"z":-1.1118385791778565},"rotation":{"x":0.008299936540424824,"y":0.9700337052345276,"z":-0.2404703050851822,"w":0.03348030894994736},"size":13.838373184204102,"orthographic":false}